Workbook

Sheet 00_DAX_Master
A1: company_id | B1: company_name_official | C1: brand_short | D1: sector_cluster | E1: industry_detail | F1: hq_country | G1: dax_member_as_of_date | H1: notes_sampling

Sheet 01_Document_Log
A1: doc_id | B1: company_id | C1: doc_title | D1: doc_type | E1: publisher | F1: publication_date | G1: version | H1: language | I1: url | J1: access_date | K1: file_name_local | L1: inclusion_status | M1: exclusion_reason | N1: relevance_notes

Sheet 02_Values_Codebook
A1: value_id | B1: value_name | C1: definition_short | D1: include_rules | E1: exclude_rules | F1: synonyms_terms | G1: example_phrases | H1: notes_boundary_cases
A2: VAL_01 | B2: Human Agency & Oversight | C2: Menschen behalten Kontrolle/Überwachung über KI | D2: Wenn menschliche Kontrolle/Override/Review explizit gefordert | E2: Reine Floskel „human-centered“ ohne Mechanik | F2: human oversight; human-in-the-loop; human control; override; review | G2: human review; override; escalation to humans | H2: Unterscheide Wert vs Governance-Kriterium 'Eskalationswege'
A3: VAL_02 | B3: Accountability & Responsibility | C3: Zuständigkeit/Verantwortung für KI-Entscheidungen/Outcomes | D3: Wenn Verantwortliche Rollen/Verantwortungsprinzip genannt | E3: Reines „we take responsibility“ ohne Bezug zu KI | F3: responsibility; accountability; ownership; governance | G3: clear accountability; responsible for AI | H3: Kann mit GOV_01 (Zuständigkeiten) kollidieren – hier nur als Wert codieren
A4: VAL_03 | B4: Transparency | C4: Nachvollziehbarkeit über Einsatz/Zweck/Entscheidungslogik | D4: Wenn Transparenzpflichten oder Offenlegung zu KI erwähnt | E4: Transparenz nur im Sinne von „Kommunikation“ ohne KI-Bezug | F4: transparency; disclosure; openness | G4: transparent use of AI; disclose AI involvement | H4: Abgrenzen zu Explainability (VAL_04)
A5: VAL_04 | B5: Explainability | C5: Erklärbarkeit von KI-Entscheidungen/Outputs | D5: Wenn Erklärbarkeit/Interpretierbarkeit explizit gefordert | E5: „transparent“ ohne Erklärkomponente | F5: explainability; interpretability; explanation | G5: provide explanations; explain model outputs | H5: Technisch vs kommunikativ – beide zählen
A6: VAL_05 | B6: Fairness & Non-Discrimination | C6: Vermeidung unfairer Benachteiligung/Bias | D6: Wenn Bias/Benachteiligung/Anti-Diskriminierung bei KI genannt | E6: Allgemeine Diversity-Statements ohne KI-Bezug | F6: fairness; bias mitigation; non-discrimination; equity | G6: avoid bias; non-discriminatory outcomes | H6: Achtung: Legal Compliance ist VAL_14, nicht hier
A7: VAL_06 | B7: Privacy & Data Protection | C7: Schutz personenbezogener Daten/Datensparsamkeit | D7: Wenn Datenschutz bei KI/Training/Use erwähnt | E7: Datenschutz rein allgemein ohne KI-Kontext | F7: privacy; data protection; GDPR; data minimization | G7: privacy by design; data minimization | H7: Kann auch als Governance (Tools/Checks) auftauchen – hier Wert
A8: VAL_07 | B8: Security & Cybersecurity | C8: Schutz vor Angriffen/Manipulation/Leakage | D8: Wenn Security für KI-Systeme oder Daten betont | E8: Allgemeine IT-Security ohne KI-Kontext (Grenzfall) | F8: security; cybersecurity; adversarial; secure-by-design | G8: protect against attacks; secure systems | H8: Grenzfall: Wenn nur IT allgemein -> evtl. nicht codieren
A9: VAL_08 | B9: Safety & Harm Prevention | C9: Vermeidung von Schäden (physisch, psychisch, sozial) | D9: Wenn Risiko/Schadensvermeidung durch KI erwähnt | E9: Nur „safe“ als Marketingwort | F9: safety; harm prevention; risk reduction | G9: avoid harm; safe AI | H9: Abgrenzen zu Robustness (VAL_09)
A10: VAL_09 | B10: Technical Robustness & Reliability | C10: Zuverlässigkeit, Stabilität, Fehlerresistenz | D10: Wenn Robustheit/Genauigkeit/Testing für KI betont | E10: Reine Qualitätsfloskel ohne Bezug | F10: robustness; reliability; resilience; testing | G10: robust and reliable; tested systems | H10: Kann in GOV_03 (Tools/Checks) konkret werden
A11: VAL_10 | B11: Contestability & Redress | C11: Anfechtbarkeit, Beschwerde, Wiedergutmachung | D11: Wenn Betroffene Einspruch/Review/Redress bei KI-Entscheidungen haben | E11: Reine Customer-Service Aussagen ohne KI | F11: appeal; contest; redress; complaint | G11: right to contest; grievance mechanism | H11: Stark verwandt mit GOV_06 (Eskalation) – hier Wert
A12: VAL_11 | B12: Inclusiveness & Accessibility | C12: Einbezug/Barrierefreiheit/Teilhabe | D12: Wenn KI inklusiv/zugänglich gestaltet werden soll | E12: Allgemeine DEI ohne KI | F12: accessibility; inclusiveness; participation | G12: inclusive design; accessible AI | H12: Wenn nur HR-DEI -> eher raus
... A19: VAL_18 | B19: Human Rights | C19: Menschenrechte als Rahmen (UNGP etc.) | D19: Wenn Human Rights explizit als Leitprinzip genannt | E19: Allgemeine Werte ohne Human-Rights-Bezug | F19: human rights; dignity; UNGP | G19: respect human rights; protect dignity | H19: Nicht jedes Doc wird das haben – ok

Sheet 03_Values_Coding
A1: company_id | B1: doc_id | C1: value_id | D1: value_present | E1: binding_level | F1: binding_justification | G1: evidence_quote | H1: evidence_location | I1: coder_confidence | J1: notes | K1: value_points
K2: =Tabelle5[[#This Row],[value_present]]*Tabelle5[[#This Row],[binding_level]] -> 0
K3: =Tabelle5[[#This Row],[value_present]]*Tabelle5[[#This Row],[binding_level]] -> 0
K4: =Tabelle5[[#This Row],[value_present]]*Tabelle5[[#This Row],[binding_level]] -> 0
K5: =Tabelle5[[#This Row],[value_present]]*Tabelle5[[#This Row],[binding_level]] -> 0
K6: =Tabelle5[[#This Row],[value_present]]*Tabelle5[[#This Row],[binding_level]] -> 0
K7: =Tabelle5[[#This Row],[value_present]]*Tabelle5[[#This Row],[binding_level]] -> 0
K8: =Tabelle5[[#This Row],[value_present]]*Tabelle5[[#This Row],[binding_level]] -> 0
K9: =Tabelle5[[#This Row],[value_present]]*Tabelle5[[#This Row],[binding_level]] -> 0
K10: =Tabelle5[[#This Row],[value_present]]*Tabelle5[[#This Row],[binding_level]] -> 0
K11: =Tabelle5[[#This Row],[value_present]]*Tabelle5[[#This Row],[binding_level]] -> 0
K12: =Tabelle5[[#This Row],[value_present]]*Tabelle5[[#This Row],[binding_level]] -> 0
K13: =Tabelle5[[#This Row],[value_present]]*Tabelle5[[#This Row],[binding_level]] -> 0
... K572: =Tabelle5[[#This Row],[value_present]]*Tabelle5[[#This Row],[binding_level]] -> 0

Sheet 03b_Values_Company_Level
A1: company_id | B1: value_id | C1: value_present_company | D1: binding_level_company | E1: value_points_company | F1: doc_id_strongest | G1: evidence_location_strongest
C2: =IF(Tabelle18[[#This Row],[binding_level_company]]>=1,1,0) -> 0 | D2: =_xlfn.MAXIFS(Tabelle5[[#This Row],[binding_level]], Tabelle5[[#This Row],[company_id]],Tabelle18[[#This Row],[company_id]], Tabelle5[[#This Row],[value_id]], Tabelle18[[#This Row],[value_id]], Tabelle5[[#This Row],[value_present]],"1") -> 0 | E2: =_xlfn.MAXIFS(Tabelle5[[#This Row],[value_points]], Tabelle5[[#This Row],[company_id]],Tabelle18[[#This Row],[company_id]], Tabelle5[[#This Row],[value_id]], Tabelle18[[#This Row],[value_id]], Tabelle5[[#This Row],[value_present]],"1") -> 0
C3: =IF(Tabelle18[[#This Row],[binding_level_company]]>=1,1,0) -> 0 | D3: =_xlfn.MAXIFS(Tabelle5[[#This Row],[binding_level]], Tabelle5[[#This Row],[company_id]],Tabelle18[[#This Row],[company_id]], Tabelle5[[#This Row],[value_id]], Tabelle18[[#This Row],[value_id]], Tabelle5[[#This Row],[value_present]],"1") -> 0 | E3: =_xlfn.MAXIFS(Tabelle5[[#This Row],[value_points]], Tabelle5[[#This Row],[company_id]],Tabelle18[[#This Row],[company_id]], Tabelle5[[#This Row],[value_id]], Tabelle18[[#This Row],[value_id]], Tabelle5[[#This Row],[value_present]],"1") -> 0
C4: =IF(Tabelle18[[#This Row],[binding_level_company]]>=1,1,0) -> 0 | D4: =_xlfn.MAXIFS(Tabelle5[[#This Row],[binding_level]], Tabelle5[[#This Row],[company_id]],Tabelle18[[#This Row],[company_id]], Tabelle5[[#This Row],[value_id]], Tabelle18[[#This Row],[value_id]], Tabelle5[[#This Row],[value_present]],"1") -> 0 | E4: =_xlfn.MAXIFS(Tabelle5[[#This Row],[value_points]], Tabelle5[[#This Row],[company_id]],Tabelle18[[#This Row],[company_id]], Tabelle5[[#This Row],[value_id]], Tabelle18[[#This Row],[value_id]], Tabelle5[[#This Row],[value_present]],"1") -> 0
C5: =IF(Tabelle18[[#This Row],[binding_level_company]]>=1,1,0) -> 0 | D5: =_xlfn.MAXIFS(Tabelle5[[#This Row],[binding_level]], Tabelle5[[#This Row],[company_id]],Tabelle18[[#This Row],[company_id]], Tabelle5[[#This Row],[value_id]], Tabelle18[[#This Row],[value_id]], Tabelle5[[#This Row],[value_present]],"1") -> 0 | E5: =_xlfn.MAXIFS(Tabelle5[[#This Row],[value_points]], Tabelle5[[#This Row],[company_id]],Tabelle18[[#This Row],[company_id]], Tabelle5[[#This Row],[value_id]], Tabelle18[[#This Row],[value_id]], Tabelle5[[#This Row],[value_present]],"1") -> 0
C6: =IF(Tabelle18[[#This Row],[binding_level_company]]>=1,1,0) -> 0 | D6: =_xlfn.MAXIFS(Tabelle5[[#This Row],[binding_level]], Tabelle5[[#This Row],[company_id]],Tabelle18[[#This Row],[company_id]], Tabelle5[[#This Row],[value_id]], Tabelle18[[#This Row],[value_id]], Tabelle5[[#This Row],[value_present]],"1") -> 0 | E6: =_xlfn.MAXIFS(Tabelle5[[#This Row],[value_points]], Tabelle5[[#This Row],[company_id]],Tabelle18[[#This Row],[company_id]], Tabelle5[[#This Row],[value_id]], Tabelle18[[#This Row],[value_id]], Tabelle5[[#This Row],[value_present]],"1") -> 0
C7: =IF(Tabelle18[[#This Row],[binding_level_company]]>=1,1,0) -> 0 | D7: =_xlfn.MAXIFS(Tabelle5[[#This Row],[binding_level]], Tabelle5[[#This Row],[company_id]],Tabelle18[[#This Row],[company_id]], Tabelle5[[#This Row],[value_id]], Tabelle18[[#This Row],[value_id]], Tabelle5[[#This Row],[value_present]],"1") -> 0 | E7: =_xlfn.MAXIFS(Tabelle5[[#This Row],[value_points]], Tabelle5[[#This Row],[company_id]],Tabelle18[[#This Row],[company_id]], Tabelle5[[#This Row],[value_id]], Tabelle18[[#This Row],[value_id]], Tabelle5[[#This Row],[value_present]],"1") -> 0
C8: =IF(Tabelle18[[#This Row],[binding_level_company]]>=1,1,0) -> 0 | D8: =_xlfn.MAXIFS(Tabelle5[[#This Row],[binding_level]], Tabelle5[[#This Row],[company_id]],Tabelle18[[#This Row],[company_id]], Tabelle5[[#This Row],[value_id]], Tabelle18[[#This Row],[value_id]], Tabelle5[[#This Row],[value_present]],"1") -> 0 | E8: =_xlfn.MAXIFS(Tabelle5[[#This Row],[value_points]], Tabelle5[[#This Row],[company_id]],Tabelle18[[#This Row],[company_id]], Tabelle5[[#This Row],[value_id]], Tabelle18[[#This Row],[value_id]], Tabelle5[[#This Row],[value_present]],"1") -> 0
C9: =IF(Tabelle18[[#This Row],[binding_level_company]]>=1,1,0) -> 0 | D9: =_xlfn.MAXIFS(Tabelle5[[#This Row],[binding_level]], Tabelle5[[#This Row],[company_id]],Tabelle18[[#This Row],[company_id]], Tabelle5[[#This Row],[value_id]], Tabelle18[[#This Row],[value_id]], Tabelle5[[#This Row],[value_present]],"1") -> 0 | E9: =_xlfn.MAXIFS(Tabelle5[[#This Row],[value_points]], Tabelle5[[#This Row],[company_id]],Tabelle18[[#This Row],[company_id]], Tabelle5[[#This Row],[value_id]], Tabelle18[[#This Row],[value_id]], Tabelle5[[#This Row],[value_present]],"1") -> 0
C10: =IF(Tabelle18[[#This Row],[binding_level_company]]>=1,1,0) -> 0 | D10: =_xlfn.MAXIFS(Tabelle5[[#This Row],[binding_level]], Tabelle5[[#This Row],[company_id]],Tabelle18[[#This Row],[company_id]], Tabelle5[[#This Row],[value_id]], Tabelle18[[#This Row],[value_id]], Tabelle5[[#This Row],[value_present]],"1") -> 0 | E10: =_xlfn.MAXIFS(Tabelle5[[#This Row],[value_points]], Tabelle5[[#This Row],[company_id]],Tabelle18[[#This Row],[company_id]], Tabelle5[[#This Row],[value_id]], Tabelle18[[#This Row],[value_id]], Tabelle5[[#This Row],[value_present]],"1") -> 0
C11: =IF(Tabelle18[[#This Row],[binding_level_company]]>=1,1,0) -> 0 | D11: =_xlfn.MAXIFS(Tabelle5[[#This Row],[binding_level]], Tabelle5[[#This Row],[company_id]],Tabelle18[[#This Row],[company_id]], Tabelle5[[#This Row],[value_id]], Tabelle18[[#This Row],[value_id]], Tabelle5[[#This Row],[value_present]],"1") -> 0 | E11: =_xlfn.MAXIFS(Tabelle5[[#This Row],[value_points]], Tabelle5[[#This Row],[company_id]],Tabelle18[[#This Row],[company_id]], Tabelle5[[#This Row],[value_id]], Tabelle18[[#This Row],[value_id]], Tabelle5[[#This Row],[value_present]],"1") -> 0
C12: =IF(Tabelle18[[#This Row],[binding_level_company]]>=1,1,0) -> 0 | D12: =_xlfn.MAXIFS(Tabelle5[[#This Row],[binding_level]], Tabelle5[[#This Row],[company_id]],Tabelle18[[#This Row],[company_id]], Tabelle5[[#This Row],[value_id]], Tabelle18[[#This Row],[value_id]], Tabelle5[[#This Row],[value_present]],"1") -> 0 | E12: =_xlfn.MAXIFS(Tabelle5[[#This Row],[value_points]], Tabelle5[[#This Row],[company_id]],Tabelle18[[#This Row],[company_id]], Tabelle5[[#This Row],[value_id]], Tabelle18[[#This Row],[value_id]], Tabelle5[[#This Row],[value_present]],"1") -> 0
C13: =IF(Tabelle18[[#This Row],[binding_level_company]]>=1,1,0) -> 0 | D13: =_xlfn.MAXIFS(Tabelle5[[#This Row],[binding_level]], Tabelle5[[#This Row],[company_id]],Tabelle18[[#This Row],[company_id]], Tabelle5[[#This Row],[value_id]], Tabelle18[[#This Row],[value_id]], Tabelle5[[#This Row],[value_present]],"1") -> 0 | E13: =_xlfn.MAXIFS(Tabelle5[[#This Row],[value_points]], Tabelle5[[#This Row],[company_id]],Tabelle18[[#This Row],[company_id]], Tabelle5[[#This Row],[value_id]], Tabelle18[[#This Row],[value_id]], Tabelle5[[#This Row],[value_present]],"1") -> 0
... C41: =IF(Tabelle18[[#This Row],[binding_level_company]]>=1,1,0) -> 0 | D41: =_xlfn.MAXIFS(Tabelle5[[#This Row],[binding_level]], Tabelle5[[#This Row],[company_id]],Tabelle18[[#This Row],[company_id]], Tabelle5[[#This Row],[value_id]], Tabelle18[[#This Row],[value_id]], Tabelle5[[#This Row],[value_present]],"1") -> 0 | E41: =_xlfn.MAXIFS(Tabelle5[[#This Row],[value_points]], Tabelle5[[#This Row],[company_id]],Tabelle18[[#This Row],[company_id]], Tabelle5[[#This Row],[value_id]], Tabelle18[[#This Row],[value_id]], Tabelle5[[#This Row],[value_present]],"1") -> 0

Sheet 04_Governance_Codebook
A1: gov_crit_id | B1: criterion_name | C1: score_0_definition | D1: score_1_definition | E1: score_2_definition | F1: score_3_definition | G1: evidence_minimum | H1: typical_evidence_terms
A2: GOV_01 | B2: Zuständigkeiten | C2: Keine Rollen/Zuständigkeiten genannt | D2: Rollen/Verantwortung grob benannt (z.B. 'Ethics committee') | E2: Konkrete Rollen+Aufgaben beschrieben (Owner, Approver, RACI) | F2: Implementiert: Verantwortlichkeiten mit Reporting/Regelterminen/Belegen | G2: Rollentitel + klarer Bezug zu KI/AI-Governance | H2: owner; accountability; committee; board; RACI
A3: GOV_02 | B3: Prozesse | C3: Kein Prozess erwähnt | D3: Prozessabsicht erwähnt (z.B. 'we review AI') | E3: Prozessschritte beschrieben (Lifecycle, Gateways, Freigaben) | F3: Implementiert: Prozess mit Nachweisen (KPIs, regelmäßige Reviews, Prozessdokumente) | G3: Mind. ein Prozessschritt + Trigger + Verantwortliche | H3: AI lifecycle; approval; review; gating; SOP
A4: GOV_03 | B4: Tools/Checks | C4: Keine Checks/Tools | D4: Checks allgemein erwähnt (z.B. 'risk assessment') | E4: Konkrete Tools/Checks benannt (Bias test, model cards, DPIA) | F4: Implementiert: Tooling im Betrieb + Pflicht/Protokoll + Ergebnisse berichtet | G4: Name des Checks/Tools + wann eingesetzt | H4: bias test; model card; DPIA; validation; monitoring
A5: GOV_04 | B5: Audits | C5: Keine Audits | D5: Audit/Assessment erwähnt ohne Details | E5: Audit-Mechanik beschrieben (intern/extern, Frequenz) | F5: Implementiert: Auditberichte/KPIs/Review-Zyklen nachweisbar | G5: Auditart + Frequenz oder Verantwortliche | H5: audit; assurance; internal control; external review
A6: GOV_05 | B6: Schulungen | C6: Keine Trainings | D6: Training angekündigt/empfohlen | E6: Trainingsprogramm beschrieben (Zielgruppe, Inhalte, Pflichtgrad) | F6: Implementiert: Pflichttrainings + Nachweis (Completion, LMS, KPIs) | G6: Mind. Zielgruppe + Pflicht/Regelmäßigkeit | H6: training; awareness; mandatory; LMS; certification
A7: GOV_06 | B7: Eskalationswege | C7: Keine Eskalation | D7: Kontakt/Ansprechpartner genannt | E7: Konkreter Eskalationsprozess beschrieben (Stufen, Fristen) | F7: Implementiert: geübter Prozess/Case-Handling/Reporting | G7: Stufenlogik oder Mechanik (Ticket, Hotline, Committee) | H7: escalation; grievance; hotline; incident; ticket
A8: GOV_07 | B8: Reporting | C8: Kein Reporting | D8: Reporting-Absicht erwähnt | E8: Reporting-Struktur beschrieben (Was, an wen, wie oft) | F8: Implementiert: regelmäßige Reports/KPIs öffentlich oder intern belegt | G8: KPI/Reportgegenstand + Empfänger + Frequenz | H8: reporting; KPI; dashboard; disclosure; metrics

Sheet 05_Governance_Coding
A1: company_id | B1: gov_crit_id | C1: doc_id_primary_evidence | D1: score_0_3 | E1: evidence_quote | F1: evidence_location | G1: why_not_higher | H1: coder_confidence | I1: notes

Sheet 06_Derived_Indices
A1: company_id | B1: sector_cluster | C1: values_raw_points | D1: values_max_points | E1: convergence_index_0_1 | F1: gov_points_sum | G1: gov_index_0_100
C2: =SUMIF(Tabelle18[[#This Row],[value_points_company]],Tabelle5[[#This Row],[company_id]],Tabelle8[[#This Row],[company_id]]) -> 0 | D2: =(COUNTA('02_Values_Codebook'!A:A)-1)*3 -> 54 | E2: =Tabelle8[[#This Row],[values_raw_points]]/Tabelle8[[#This Row],[values_max_points]] -> 0 | F2: =SUMIF(Tabelle7[[#This Row],[score_0_3]],Tabelle7[[#This Row],[company_id]],Tabelle8[[#This Row],[company_id]]) -> 0 | G2: =(Tabelle8[[#This Row],[gov_points_sum]]/21)*100 -> 0
C3: =SUMIF(Tabelle18[[#This Row],[value_points_company]],Tabelle5[[#This Row],[company_id]],Tabelle8[[#This Row],[company_id]]) -> 0 | D3: =(COUNTA('02_Values_Codebook'!A:A)-1)*3 -> 54 | E3: =Tabelle8[[#This Row],[values_raw_points]]/Tabelle8[[#This Row],[values_max_points]] -> 0 | F3: =SUMIF(Tabelle7[[#This Row],[score_0_3]],Tabelle7[[#This Row],[company_id]],Tabelle8[[#This Row],[company_id]]) -> 0 | G3: =(Tabelle8[[#This Row],[gov_points_sum]]/21)*100 -> 0
C4: =SUMIF(Tabelle18[[#This Row],[value_points_company]],Tabelle5[[#This Row],[company_id]],Tabelle8[[#This Row],[company_id]]) -> 0 | D4: =(COUNTA('02_Values_Codebook'!A:A)-1)*3 -> 54 | E4: =Tabelle8[[#This Row],[values_raw_points]]/Tabelle8[[#This Row],[values_max_points]] -> 0 | F4: =SUMIF(Tabelle7[[#This Row],[score_0_3]],Tabelle7[[#This Row],[company_id]],Tabelle8[[#This Row],[company_id]]) -> 0 | G4: =(Tabelle8[[#This Row],[gov_points_sum]]/21)*100 -> 0
C5: =SUMIF(Tabelle18[[#This Row],[value_points_company]],Tabelle5[[#This Row],[company_id]],Tabelle8[[#This Row],[company_id]]) -> 0 | D5: =(COUNTA('02_Values_Codebook'!A:A)-1)*3 -> 54 | E5: =Tabelle8[[#This Row],[values_raw_points]]/Tabelle8[[#This Row],[values_max_points]] -> 0 | F5: =SUMIF(Tabelle7[[#This Row],[score_0_3]],Tabelle7[[#This Row],[company_id]],Tabelle8[[#This Row],[company_id]]) -> 0 | G5: =(Tabelle8[[#This Row],[gov_points_sum]]/21)*100 -> 0
C6: =SUMIF(Tabelle18[[#This Row],[value_points_company]],Tabelle5[[#This Row],[company_id]],Tabelle8[[#This Row],[company_id]]) -> 0 | D6: =(COUNTA('02_Values_Codebook'!A:A)-1)*3 -> 54 | E6: =Tabelle8[[#This Row],[values_raw_points]]/Tabelle8[[#This Row],[values_max_points]] -> 0 | F6: =SUMIF(Tabelle7[[#This Row],[score_0_3]],Tabelle7[[#This Row],[company_id]],Tabelle8[[#This Row],[company_id]]) -> 0 | G6: =(Tabelle8[[#This Row],[gov_points_sum]]/21)*100 -> 0
C7: =SUMIF(Tabelle18[[#This Row],[value_points_company]],Tabelle5[[#This Row],[company_id]],Tabelle8[[#This Row],[company_id]]) -> 0 | D7: =(COUNTA('02_Values_Codebook'!A:A)-1)*3 -> 54 | E7: =Tabelle8[[#This Row],[values_raw_points]]/Tabelle8[[#This Row],[values_max_points]] -> 0 | F7: =SUMIF(Tabelle7[[#This Row],[score_0_3]],Tabelle7[[#This Row],[company_id]],Tabelle8[[#This Row],[company_id]]) -> 0 | G7: =(Tabelle8[[#This Row],[gov_points_sum]]/21)*100 -> 0
C8: =SUMIF(Tabelle18[[#This Row],[value_points_company]],Tabelle5[[#This Row],[company_id]],Tabelle8[[#This Row],[company_id]]) -> 0 | D8: =(COUNTA('02_Values_Codebook'!A:A)-1)*3 -> 54 | E8: =Tabelle8[[#This Row],[values_raw_points]]/Tabelle8[[#This Row],[values_max_points]] -> 0 | F8: =SUMIF(Tabelle7[[#This Row],[score_0_3]],Tabelle7[[#This Row],[company_id]],Tabelle8[[#This Row],[company_id]]) -> 0 | G8: =(Tabelle8[[#This Row],[gov_points_sum]]/21)*100 -> 0
C9: =SUMIF(Tabelle18[[#This Row],[value_points_company]],Tabelle5[[#This Row],[company_id]],Tabelle8[[#This Row],[company_id]]) -> 0 | D9: =(COUNTA('02_Values_Codebook'!A:A)-1)*3 -> 54 | E9: =Tabelle8[[#This Row],[values_raw_points]]/Tabelle8[[#This Row],[values_max_points]] -> 0 | F9: =SUMIF(Tabelle7[[#This Row],[score_0_3]],Tabelle7[[#This Row],[company_id]],Tabelle8[[#This Row],[company_id]]) -> 0 | G9: =(Tabelle8[[#This Row],[gov_points_sum]]/21)*100 -> 0
C10: =SUMIF(Tabelle18[[#This Row],[value_points_company]],Tabelle5[[#This Row],[company_id]],Tabelle8[[#This Row],[company_id]]) -> 0 | D10: =(COUNTA('02_Values_Codebook'!A:A)-1)*3 -> 54 | E10: =Tabelle8[[#This Row],[values_raw_points]]/Tabelle8[[#This Row],[values_max_points]] -> 0 | F10: =SUMIF(Tabelle7[[#This Row],[score_0_3]],Tabelle7[[#This Row],[company_id]],Tabelle8[[#This Row],[company_id]]) -> 0 | G10: =(Tabelle8[[#This Row],[gov_points_sum]]/21)*100 -> 0
C11: =SUMIF(Tabelle18[[#This Row],[value_points_company]],Tabelle5[[#This Row],[company_id]],Tabelle8[[#This Row],[company_id]]) -> 0 | D11: =(COUNTA('02_Values_Codebook'!A:A)-1)*3 -> 54 | E11: =Tabelle8[[#This Row],[values_raw_points]]/Tabelle8[[#This Row],[values_max_points]] -> 0 | F11: =SUMIF(Tabelle7[[#This Row],[score_0_3]],Tabelle7[[#This Row],[company_id]],Tabelle8[[#This Row],[company_id]]) -> 0 | G11: =(Tabelle8[[#This Row],[gov_points_sum]]/21)*100 -> 0
C12: =SUMIF(Tabelle18[[#This Row],[value_points_company]],Tabelle5[[#This Row],[company_id]],Tabelle8[[#This Row],[company_id]]) -> 0 | D12: =(COUNTA('02_Values_Codebook'!A:A)-1)*3 -> 54 | E12: =Tabelle8[[#This Row],[values_raw_points]]/Tabelle8[[#This Row],[values_max_points]] -> 0 | F12: =SUMIF(Tabelle7[[#This Row],[score_0_3]],Tabelle7[[#This Row],[company_id]],Tabelle8[[#This Row],[company_id]]) -> 0 | G12: =(Tabelle8[[#This Row],[gov_points_sum]]/21)*100 -> 0
C13: =SUMIF(Tabelle18[[#This Row],[value_points_company]],Tabelle5[[#This Row],[company_id]],Tabelle8[[#This Row],[company_id]]) -> 0 | D13: =(COUNTA('02_Values_Codebook'!A:A)-1)*3 -> 54 | E13: =Tabelle8[[#This Row],[values_raw_points]]/Tabelle8[[#This Row],[values_max_points]] -> 0 | F13: =SUMIF(Tabelle7[[#This Row],[score_0_3]],Tabelle7[[#This Row],[company_id]],Tabelle8[[#This Row],[company_id]]) -> 0 | G13: =(Tabelle8[[#This Row],[gov_points_sum]]/21)*100 -> 0
... C41: =SUMIF(Tabelle18[[#This Row],[value_points_company]],Tabelle5[[#This Row],[company_id]],Tabelle8[[#This Row],[company_id]]) -> 0 | D41: =(COUNTA('02_Values_Codebook'!A:A)-1)*3 -> 54 | E41: =Tabelle8[[#This Row],[values_raw_points]]/Tabelle8[[#This Row],[values_max_points]] -> 0 | F41: =SUMIF(Tabelle7[[#This Row],[score_0_3]],Tabelle7[[#This Row],[company_id]],Tabelle8[[#This Row],[company_id]]) -> 0 | G41: =(Tabelle8[[#This Row],[gov_points_sum]]/21)*100 -> 0

Sheet 07_Boundary_Cases
A1: case_id | B1: date | C1: company_id | D1: doc_id | E1: dimension(values/governance) | F1: value_id_or_gov_crit_id | G1: problem_description | H1: decision | I1: rule_added_to_codebook | J1: codebook_version

Sheet 08_Codebook_Changelog
A1: codebook_version | B1: date | C1: change_type(add/modify/remove) | D1: item_id(value_id/gov_crit_id) | E1: what_changed | F1: why_changed | G1: impact_on_previous_coding(recode_needed yes/no)
A2: V0 | B2: 04.01.2026 | C2: Initial Setup

Sheet 09_Coding_Memos
A1: company_id | B1: overall_notes | C1: key_documents_used | D1: areas_of_uncertainty | E1: follow_up_needed

Sheet 99_Lookups
A1: Sektoren | C1: Dokumententyp | E1: Sprache | G1: Inkludierungsstatus | I1: Ausschlussgrund | K1: Kodierungskonfidenz | M1: Bindigkeitsniveau | O1: Value_present | Q1: Score_0_3
A2: Industrie | C2: AI Principles | E2: DE | G2: Inkludiert | I2: PR ohne normative Substanz | K2: Hoch | M2: 1 | O2: 0 | Q2: 0
A3: Finance | C3: AI Policy | E3: EN | G3: Nicht inkudiert | I3: Keine KI Relevanz | K3: Mittel | M3: 2 | O3: 1 | Q3: 1
A4: Tech | C4: Responsible AI / Ethics | E4: DE/EN | G4: Nicht gefunden | I4: Duplikat / Veraltete Version | K4: Niedrig | M4: 3 | Q4: 2
A5: Health | C5: Code of Conduct | E5: Andere | I5: Paywalled / kein Zugriff | Q5: 3
A6: Consumer | C6: ESG/CSR Report | I6: Zu Vage (keine Kriterien, Regeln)
A7: Utilities | C7: Sustainability Report | I7: Andere
A8: Materials/Chemicals | C8: Annual Report
A9: Other/Hybrid | C9: Website Page
C10: Press Release
C11: Other
